TIMESTAMP,ACTION,SN,USER,DETAILS
2026-10-10 03:47:05,MUTASI ASET,DMY03000034,URAN,MUTASI [TUKAR KODE/RUTE]: (DP KARAWANG |  | KRWBE-AR) ➔ (BOGOR | 030123 | URAN). 
2026-10-10 03:46:04,UPDATE (via Upload),DMY03000006,DPKBE-SO,User: 'URAN' ➔ 'DPKBE-SO'; Site: 'BOGOR' ➔ 'DP DEPOK'
2026-10-10 03:42:35,MUTASI ASET,DMY03000006,URAN,MUTASI [TUKAR KODE/RUTE]: (DP DEPOK |  | DPKBE-SO) ➔ (BOGOR | 030123 | URAN). 
2026-10-10 03:39:04,UPDATE (via Upload),DMY03000031,KRWBE-SO,User: 'SARMONO' ➔ 'KRWBE-SO'; Site: 'BOGOR' ➔ 'DP KARAWANG'
2026-10-10 03:39:01,UPDATE (via Upload),DMY03000001,BGRBE-SO,User: 'IWA-SO' ➔ 'BGRBE-SO'
2026-10-10 03:38:56,UPDATE (via Upload),DMY03000031,KRWBE-SO,User: 'SARMONO' ➔ 'KRWBE-SO'; Site: 'BOGOR' ➔ 'DP KARAWANG'
2026-10-10 03:38:52,UPDATE (via Upload),DMY03000001,BGRBE-SO,User: 'IWA-SO' ➔ 'BGRBE-SO'
2026-10-10 03:25:05,MUTASI ASET,DMY03000031,SARMONO,MUTASI [TUKAR TABLET]: (BOGOR | 039285 | SARMONO) ➔ (BOGOR | 039285 | SARMONO). MUTASI KE DA HARDI
2026-10-10 03:24:57,MUTASI ASET,DMY03000031,SARMONO,MUTASI [TUKAR TABLET]: (DP KARAWANG |  | KRWBE-SO) ➔ (BOGOR | 039285 | SARMONO). MUTASI KE DA HARDI
2026-10-10 03:02:37,SERAH TERIMA (BAST),DMY03000002,IWA-SO,Diserahkan ke IWA-SO (DP BOGOR) via BAST ST/20261010/001
2026-10-10 03:02:35,SERAH TERIMA (BAST),DMY03000001,IWA-SO,Diserahkan ke IWA-SO (DP BOGOR) via BAST ST/20261010/001
2026-10-10 03:02:08,SERAH TERIMA (BAST),DMY03000002,IWA-SO,Diserahkan ke IWA-SO (DP BOGOR) via BAST ST/20261010/001
2026-10-10 03:02:06,SERAH TERIMA (BAST),DMY03000001,IWA-SO,Diserahkan ke IWA-SO (DP BOGOR) via BAST ST/20261010/001
